{"recents":{"Me":{"path":"/Users/darylcecile/Documents/hydrogen3/projects/Me","count":52},"yego":{"path":"/Users/darylcecile/Documents/hydrogen3/projects/yego","count":3},"tenniphlump":{"path":"/Users/darylcecile/Documents/hydrogen3/projects/tenniphlump","count":5},"testing":{"path":"/Users/darylcecile/Documents/hydrogen3/projects/testing","count":55},"test":{"path":"/Users/darylcecile/Documents/hydrogen3/projects/test","count":71},"hi":{"path":"/Users/darylcecile/Documents/hydrogen3/projects/hi","count":1}}}